"","Kingdom","Phylum","Class","Order","Family","Genus"
"TACGGGAGTGGCAAGCGTTATCCGGAATTATTGGGCGTAAAGCGTCCGCAGGCGGCCCTTCAAGTCTGCTGTTAAAAAGTGGAGCTTAACTCCATCATGGCAGTGGAAACTGTTGGGCTTGAGTGTGGTAGGGGCAGAGGGAATTCCCGGTGTAGCGGTGAAATGCGTAGATATCGGGAAGAACACCAGTGGCGAAGGCGCTCTGCTGGGCCATAACTGACGCTCATGGACGAAAGCCAGGGGAGCGAAAGGG","Bacteria","Cyanobacteria","Cyanobacteriia","Synechococcales","Cyanobiaceae","Synechococcus CC9902"
"TACGGAGGGAGCTAGCGTTGTTCGGAATTACTGGGCGTAAAGCGCACGTAGGCGGCTTTTCAAGTCAGGGGTGAAATCCCGGGGCTCAACCCCGGAACTGCCCTTGAAACTGGATGGCTAGAATACTGGAGAGGTGAGTGGAATTCCGAGTGTAGAGGTGAAATTCGTAGATATTCGGAAGAACACCAGTGGCGAAGGCGACTCACTGGACAGTTATTGACGCTGAGGTGCGAAAGCGTGGGGAGCAAACAGG","Bacteria","Proteobacteria","Alphaproteobacteria","Sphingomonadales","Sphingomonadaceae","Erythrobacter"
"TACGAAGGGACCTAGCGTAGTTCGGAATTACTGGGCTTAAAGAGCTCGTAGGTGGTTAAAAAAGTTGATGGTGAAATCCCAAGGCTCAACCTTGGAACTGCCATCAAAACTTTTTAGCTAGAGTGTGATAGAGGTAAGTGGAATTTCTAGTGTAGAGGTGAAATTCGTAGATATTAGAAAGAACACCAAATGCGAAGGCAACTTACTGGGTCACTACTGACACTGAGGAGCGAAAGCATGGGTAGCGAAGAGG","Bacteria","Proteobacteria","Alphaproteobacteria","SAR11 clade","Clade II","Clade II"
"TACGTAGGTGGCAAGCGTTGTCCGGATTTACTGGGCGTAAAGGGTGTCTAGGCGGAAAGATAAGTCAGATGTGAAATCTCGGGGCTCAACCCCGAAACTGCATTTGAAACTGTCTATCTAGAGTGCAGGAGAGGAGAGTGGAATTCCTAGTGTAACGGTGAAATGTGTAGATATTAGGAAGAACACCAGTGGCGAAGGCGACTCTCTGGACTGTTACTGACGCTGAAGCACGAAAGCATGGGGAGCAAACAGG","Bacteria","Firmicutes","Clostridia","Clostridiales","Clostridiaceae","Clostridiaceae"
"TACGGAGGGTGCAAGCGTTATCCGGATTCACTGGGTTTAAAGGGTGCGTAGGTGGGAATGTAAGTCAGTGGTGAAATCTCCGTGCTTAACATGGAAACTGCCATTGATACTATGTTTCTTGAATCTTCTGGAGGTTAGCGGAATATGTCATGTAGCGGTGAAATGCTTAGATATGACATAGAACACCAATTGCGAAGGCAGCTAGCTACAGGGGCATTGACACTGATGCACGAAAGCGTGGGGATCAAACAGG","Bacteria","Bacteroidota","Bacteroidia","Chitinophagales","Chitinophagaceae","Segetibacter"
"TACGTAGGGGGCAAGCGTTGTTCGGATTTACTGGGCGTAAAGGGTGCGTAGGTGGCATGACAAGTCACTTGTGAAATCTCCGAGCTTAACTCGGAACGGTCAAGTGATACTGTTGTGCTAGAGTGCGGGAAGGGCAGCTGGAATTCTTGGTGTAGCGGTGAAATGCGTAGATATCAAGAGGAACACCGGAGGCGAAGGCGAGCTGCTAGACCGACACTGACGCTGAGGCACGAAAGCCAGGGGAGCGAACGGG","Bacteria","Acidobacteriota","Blastocatellia","Blastocatellales","Blastocatellaceae","Blastocatellaceae"
"TACGTAGGGGGCGAGCGTTGTCCGGATTTATTGGGCGTAAAGAGCTCGTAGGCGGTTCAACAAGTCGGTCGTGAAAGTTCAGGGCTCAACCCTGAAATGTCGATCGATACTGTTGTGACTAGGATACGGTAGAGGTGAGTGGAATTCCGAGTGTAGCGGTGAAATGCGTAGATATTCGGAGGAACACCAATAGCGAAGGCAGCTCACTGGGCCGCTATCGACGCTGAGGAGCGAAAGCTAGGGGAGCAAACAGG","Bacteria","Actinobacteriota","Acidimicrobiia","Actinomarinales","Actinomarinaceae","Candidatus Actinomarina"
"TACGTAGGGTGCGAGCGTTAATCGGAATTACTGGGCGTAAAGCGTGCGCAGGCGGTGATGTAAGACAGATGTGAAATCCCCGGGCTCAACCTGGGAACTGCGTTTGTGACTGCATCACTCGAGTACGGCAGAGGGAGGTGGAATTCCGCGTGTAGCAGTGAAATGCGTAGAGATGCGGAGGAACACCGATGGCGAAGGCAGCCTCCTGGGCCAGTACTGACGCTCATGCACGAAAGCGTGGGGAGCAAACAGG","Bacteria","Proteobacteria","Gammaproteobacteria","Burkholderiales","Rhodocyclaceae","Zoogloea"
"TACGGAGGGTGCAAGCGTTATCCGGATTCACTGGGTTTAAAGGGTGCGTAGGCGGGCAGGTAAGTCAGTGGTGAAATCCTAGAGCTTAACTCTAGAACTGCCATTGATACTATCTGTCTTGAATATTGTGGAGGTAAGCGGAATATGTCATGTAGCGGTGAAATGCTTAGATATGACATAGAACACCTATTGCGAAGGCAGCTTACTACGCATATATTGACGCTGAGGCACGAAAGCGTGGGGATCAAACAGG","Bacteria","Bacteroidota","Bacteroidia","Chitinophagales","Chitinophagaceae","Sediminibacterium"
"TACGTAGGGTGCGAGCGTTGTCCGGAATTATTGGGCGTAAAGAGCTTGTAGGCGGTTTGTCGCGTCTGCTGTGAAAATCCGGGGCTCAACCCCGGACTTGCAGTGGGTACGGGCAGACTAGAGTGTGGTAGGGGAGACTGGAATTCCTGGTGTAGCGGTGAAATGCGCAGATATCAGGAGGAACACCGATGGCGAAGGCAGGTCTCTGGGCCACTACTGACGCTGAGAAGCGAAAGCATGGGGAGCGAACAGG","Bacteria","Actinobacteriota","Actinobacteria","Micrococcales","Intrasporangiaceae","Knoellia"
"TACGTAGGGTGCAAGCGTTAATCGGAATTACTGGGCGTAAAGCGTGCGCAGGCGGTTATGCAAGACAGAGGTGAAATCCCCGGGCTCAACCTGGGAACTGCCTTTGTGACTGCATGGCTAGAGTACGGTAGAGGGGGATGGAATTCCGCGTGTAGCAGTGAAATGCGTAGATATGCGGAGGAACACCGATGGCGAAGGCAATCCCCTGGACCTGTACTGACGCTCATGCACGAAAGCGTGGGGAGCAAACAGG","Bacteria","Proteobacteria","Gammaproteobacteria","Burkholderiales","Comamonadaceae","Pelomonas"
"TACGAAGGGGGCTAGCGTTGCTCGGAATTACTGGGCGTAAAGGGCGCGTAGGCGGACAGTTTAGTCAGAGGTGAAAGCCCAGGGCTCAACCTTGGAATTGCCTTTGATACTGGCTGTCTTGAGTACGGGAGAGGTGAGTGGAACTCCGAGTGTAGAGGTGAAATTCGTAGATATTCGGAAGAACACCAGTGGCGAAGGCGACTCACTGGCCCGTTACTGACGCTGAGGCGCGAAAGCGTGGGGAGCAAACAGG","Bacteria","Proteobacteria","Alphaproteobacteria","Caulobacterales","Caulobacteraceae","Phenylobacterium"
"TACGAAGGGACCTAGCGTAATTCGGAATTACTGGGCGTAAAGCGCGCGTAGGCGGTTAAGTAAGTTAATTGTGAAAGCCCAAAGCTCAACTTTGGAATTGCAATTAAAACTATTTAGCTAGAGTTTATCAGAGGAAAGCGGAATACATAGTGTAGAGGTGAAATTCGTAGATATTATGTAGAACACCAGTTGCGAAGGCGGCTTTCTGGGATAACACTGACGCTGAGGTGCGAAAGTATGGGTAGCGAAGAGG","Bacteria","Proteobacteria","Alphaproteobacteria","SAR11 clade","Clade III","Clade III"
"TACGAAGGGGGCTAGCGTTGCTCGGAATTACTGGGCGTAAAGGGAGCGTAGGCGGATAGTTTAGTCAGAGGTGAAAGCCCAGGGCTCAACCTTGGAATTGCCTTTGATACTGGCTATCTTGAGTATGGAAGAGGTATGTGGAACTCCGAGTGTAGAGGTGAAATTCGTAGATATTCGGAAGAACACCAGTGGCGAAGGCGACATACTGGTCCATTACTGACGCTGAGGCTCGAAAGCGTGGGGAGCAAACAGG","Bacteria","Proteobacteria","Alphaproteobacteria","Caulobacterales","Caulobacteraceae","Caulobacter"
"TACGGAGGGGGCTAGCGTTGTTCGGAATTACTGGGCGTAAAGCGCGCGTAGGCGGACTTTCAAGTCAGGGGTGAAATCCCGAGGCTCAACCTCGGAACTGCCTTTGATACTGTAAGTCTCGAGTCCGAGAGAGGTGAGTGGAATTCCTAGTGTAGAGGTGAAATTCGTAGATATTAGGAAGAACACCAGTGGCGAAGGCGGCTCACTGGCTCGGTACTGACGCTGAGGTGCGAAAGCGTGGGGAGCAAACAGG","Bacteria","Proteobacteria","Alphaproteobacteria","Rhizobiales","Methyloligellaceae","Methyloceanibacter"
"TACGAAGGGTGCAAGCGTTACTCGGAATTACTGGGCGTAAAGCGTGCGTAGGTGGTTCGTTAAGTCTGATGTGAAAGCCCTGGGCTCAACCTGGGAACTGCATTGGATACTGGCGATCTGGAGTGCGGTAGAGGGTAGCGGAATTCCCGGTGTAGCAGTGAAATGCGTAGATATCGGGAGGAACATCCGTGGCGAAGGCGGCTACCTGGACCAGCACTGACACTGAGGCACGAAAGCGTGGGGAGCAAACAGG","Bacteria","Proteobacteria","Gammaproteobacteria","Xanthomonadales","Xanthomonadaceae","Lysobacter"
"TACGGAGGGTGAAAGCGTTGTTCGGAATTACTGGGCGTAAAGCGCGCGTAGGCGGCTATCTAAGTCAGATGTGAAAGCCCGCGGCTCAACCGTGGAAGTGCATTTGAAACTGGGTAGCTTGAGTACTGGAGGGGGTAGTGGAATTCCCGGTGTAGAGGTGAAATTCGTAGATATCGGGAGGAATACCGGTGGCGAAGGCGACTACCTGGCCAGATACTGACGCTGAGGTGCGAAAGCGTGGGGAGCAAACAGG","Bacteria","Desulfobacterota","Desulfobulbia","Desulfobulbales","Desulfocapsaceae","Desulfocapsaceae"
"TACGAAGGGGGCTAGCGTTGCTCGGAATCACTGGGCGTAAAGCGCACGTAGGCGGGTCGTTAAGTCAGAGGTGAAAGCCTGGAGCTCAACTCCAGAACTGCCTTTGATACTGGCGACCTCGAGTTCGAGAGAGGTTGGTGGAACTCCGAGTGTAGAGGTGAAATTCGTAGATATTCGGAAGAACACCAGTGGCGAAGGCGGCCAACTGGCTCGATACTGACGCTGAGGTGCGAAAGCGTGGGGAGCAAACAGG","Bacteria","Proteobacteria","Alphaproteobacteria","Rhizobiales","Xanthobacteraceae","Xanthobacter"
"TACAGAGGGTGCAAGCGTTAATCGGAATTACTGGGCGTAAAGCGCGCGTAGGTGGTTCGTTAAGTTGGATGTGAAATCCCCGGGCTCAACCTGGGAACTGCATTCAAAACTGACGAGCTAGAGTATGGTAGAGGGTGGTGGAATTTCCTGTGTAGCGGTGAAATGCGTAGATATAGGAAGGAACACCAGTGGCGAAGGCGACCACCTGGACTGATACTGACACTGAGGTGCGAAAGCGTGGGGAGCAAACAGG","Bacteria","Proteobacteria","Gammaproteobacteria","Pseudomonadales","Pseudomonadaceae","Pseudomonas"
"GACGAACCGTCCGAACGTTATTCGGTATCACTGGGCTTAAAGCGTGCGTAGGCGGCCTGGTAGGTGAGATGTGAAAGCCCACGGCTCAACCGTGGAATTGCGTTTCAAACCGCTAGGCTTGAGGAAGACAGGGGTGTCGGGAACTTATGGTGGAGCGGTGAAATGCGTTGATATCATAGGGAACACCGGTGGCGAAGGCGCGACACTGGGTCTCTTCTGACGCTGAGGCACGAAAGCTAGGGTAGCGAACAGG","Bacteria","Planctomycetota","Planctomycetes","Pirellulales","Pirellulaceae","Rhodopirellula"
"TACGTAGGGTGCGAGCGTTAATCGGAATTACTGGGCGTAAAGGGTGCGCAGGCGGCCCTGTAAGACCGGTGTGAAATCCCCGGGCTCAACCTGGGAATTGCGCTGGTGACTGCAGGGCTAGAGTACGGTAGAGGGGGGTGGAATTCCTGGTGTAGCAGTGAAATGCGTAGAGATCAGGAGGAACACCGATGGCGAAGGCAGCCCCCTGGGCCTGTACTGACGCTCATGCACGAAAGCGTGGGGAGCAAACAGG","Bacteria","Proteobacteria","Gammaproteobacteria","Burkholderiales","Hydrogenophilaceae","Tepidiphilus"
"TACGTAGGTGGCAAGCGTTGTCCGGATTTATTGGGCGTAAAGCGCGCGCAGGCGGTCCTTTAAGTCTGATGTGAAATCTTGCGGCTCAACCGCAAGCGGTCATTGGAAACTGGGGGACTTGAGTGCAGAAGAGGAAAGCGGAATTCCACGTGTAGCGGTGAAATGCGTAGAGATGTGGAGGAACACCAGTGGCGAAGGCGGCTTTCTGGTCTGTAACTGACGCTGAGGCGCGAAAGCGTGGGGAGCAAACAGG","Bacteria","Firmicutes","Bacilli","Bacillales","Planococcaceae","Chungangia"
"TACGTAGGGTGCGAGCGTTATCCGGATTTATTGGGCGTAAAGGGCTCGTAGGCGGTTCGTCGCGTCCGGTGTGAAAGTCCATCGCCTAACGGTGGATCTGCGCCGGGTACGGGCGGGCTGGAGTGCGGTAGGGGAGACTGGAATTCCCGGTGTAACGGTGGAATGTGTAGATATCGAGAAGAACACCAATGGCGAAGGCAGGTCTCTGGGCCGTTACTGACGCTGAGGAGCGAAAGCGTGGGGAGCGAACAGG","Bacteria","Actinobacteriota","Actinobacteria","Bifidobacteriales","Bifidobacteriaceae","Bifidobacterium"
