"","Row.names","freq","prev","p.freq","p.prev","p","contaminant","Kingdom","Phylum","Class","Order","Family","Genus"
"1","TACGAAGGGACCTAGCGTAATTCGGAATTACTGGGCGTAAAGCGCGCGTAGGCGGTTAAGTAAGTTAATTGTGAAAGCCCAAAGCTCAACTTTGGAATTGCAATTAAAACTATTTAGCTAGAGTTTATCAGAGGAAAGCGGAATACATAGTGTAGAGGTGAAATTCGTAGATATTATGTAGAACACCAGTTGCGAAGGCGGCTTTCTGGGATAACACTGACGCTGAGGTGCGAAAGTATGGGTAGCGAAGAGG",0.000491350450100342,7,NA,0.088607594936709,0.088607594936709,TRUE,"Bacteria","Proteobacteria","Alphaproteobacteria","SAR11 clade","Clade III","Clade III"
"2","TACGAAGGGGGCTAGCGTTGCTCGGAATTACTGGGCGTAAAGGGAGCGTAGGCGGATAGTTTAGTCAGAGGTGAAAGCCCAGGGCTCAACCTTGGAATTGCCTTTGATACTGGCTATCTTGAGTATGGAAGAGGTATGTGGAACTCCGAGTGTAGAGGTGAAATTCGTAGATATTCGGAAGAACACCAGTGGCGAAGGCGACATACTGGTCCATTACTGACGCTGAGGCTCGAAAGCGTGGGGAGCAAACAGG",0.000604300657563352,2,NA,0.0253164556962026,0.0253164556962026,TRUE,"Bacteria","Proteobacteria","Alphaproteobacteria","Caulobacterales","Caulobacteraceae","Caulobacter"
"3","TACGAAGGGGGCTAGCGTTGCTCGGAATTACTGGGCGTAAAGGGCGCGTAGGCGGACAGTTTAGTCAGAGGTGAAAGCCCAGGGCTCAACCTTGGAATTGCCTTTGATACTGGCTGTCTTGAGTACGGGAGAGGTGAGTGGAACTCCGAGTGTAGAGGTGAAATTCGTAGATATTCGGAAGAACACCAGTGGCGAAGGCGACTCACTGGCCCGTTACTGACGCTGAGGCGCGAAAGCGTGGGGAGCAAACAGG",0.00328300683034829,2,NA,0.0253164556962026,0.0253164556962026,TRUE,"Bacteria","Proteobacteria","Alphaproteobacteria","Caulobacterales","Caulobacteraceae","Phenylobacterium"
"4","TACGAAGGGTGCAAGCGTTACTCGGAATTACTGGGCGTAAAGCGTGCGTAGGTGGTTCGTTAAGTCTGATGTGAAAGCCCTGGGCTCAACCTGGGAACTGCATTGGATACTGGCGATCTGGAGTGCGGTAGAGGGTAGCGGAATTCCCGGTGTAGCAGTGAAATGCGTAGATATCGGGAGGAACATCCGTGGCGAAGGCGGCTACCTGGACCAGCACTGACACTGAGGCACGAAAGCGTGGGGAGCAAACAGG",0.000609248406700239,2,NA,0.0253164556962026,0.0253164556962026,TRUE,"Bacteria","Proteobacteria","Gammaproteobacteria","Xanthomonadales","Xanthomonadaceae","Lysobacter"
"5","TACGGAGGGTGCAAGCGTTATCCGGATTCACTGGGTTTAAAGGGTGCGTAGGCGGGCAGGTAAGTCAGTGGTGAAATCCTAGAGCTTAACTCTAGAACTGCCATTGATACTATCTGTCTTGAATATTGTGGAGGTAAGCGGAATATGTCATGTAGCGGTGAAATGCTTAGATATGACATAGAACACCTATTGCGAAGGCAGCTTACTACGCATATATTGACGCTGAGGCACGAAAGCGTGGGGATCAAACAGG",0.00127486893631132,7,NA,0.088607594936709,0.088607594936709,TRUE,"Bacteria","Bacteroidota","Bacteroidia","Chitinophagales","Chitinophagaceae","Sediminibacterium"
"6","TACGGAGGGTGCAAGCGTTATCCGGATTCACTGGGTTTAAAGGGTGCGTAGGTGGGAATGTAAGTCAGTGGTGAAATCTCCGTGCTTAACATGGAAACTGCCATTGATACTATGTTTCTTGAATCTTCTGGAGGTTAGCGGAATATGTCATGTAGCGGTGAAATGCTTAGATATGACATAGAACACCAATTGCGAAGGCAGCTAGCTACAGGGGCATTGACACTGATGCACGAAAGCGTGGGGATCAAACAGG",0.000942707986258021,10,NA,0.126582278481013,0.126582278481013,TRUE,"Bacteria","Bacteroidota","Bacteroidia","Chitinophagales","Chitinophagaceae","Segetibacter"
"7","TACGTAGGGGGCAAGCGTTGTTCGGATTTACTGGGCGTAAAGGGTGCGTAGGTGGCATGACAAGTCACTTGTGAAATCTCCGAGCTTAACTCGGAACGGTCAAGTGATACTGTTGTGCTAGAGTGCGGGAAGGGCAGCTGGAATTCTTGGTGTAGCGGTGAAATGCGTAGATATCAAGAGGAACACCGGAGGCGAAGGCGAGCTGCTAGACCGACACTGACGCTGAGGCACGAAAGCCAGGGGAGCGAACGGG",0.00389523646014682,11,NA,0.139240506329114,0.139240506329114,TRUE,"Bacteria","Acidobacteriota","Blastocatellia","Blastocatellales","Blastocatellaceae","Blastocatellaceae"
"8","TACGTAGGGGGCGAGCGTTGTCCGGATTTATTGGGCGTAAAGAGCTCGTAGGCGGTTCAACAAGTCGGTCGTGAAAGTTCAGGGCTCAACCCTGAAATGTCGATCGATACTGTTGTGACTAGGATACGGTAGAGGTGAGTGGAATTCCGAGTGTAGCGGTGAAATGCGTAGATATTCGGAGGAACACCAATAGCGAAGGCAGCTCACTGGGCCGCTATCGACGCTGAGGAGCGAAAGCTAGGGGAGCAAACAGG",0.00205249348206166,8,NA,0.10126582278481,0.10126582278481,TRUE,"Bacteria","Actinobacteriota","Acidimicrobiia","Actinomarinales","Actinomarinaceae","Candidatus Actinomarina"
"9","TACGTAGGGTGCAAGCGTTAATCGGAATTACTGGGCGTAAAGCGTGCGCAGGCGGTTATGCAAGACAGAGGTGAAATCCCCGGGCTCAACCTGGGAACTGCCTTTGTGACTGCATGGCTAGAGTACGGTAGAGGGGGATGGAATTCCGCGTGTAGCAGTGAAATGCGTAGATATGCGGAGGAACACCGATGGCGAAGGCAATCCCCTGGACCTGTACTGACGCTCATGCACGAAAGCGTGGGGAGCAAACAGG",0.00282553539727925,3,NA,0.0379746835443039,0.0379746835443039,TRUE,"Bacteria","Proteobacteria","Gammaproteobacteria","Burkholderiales","Comamonadaceae","Pelomonas"
"10","TACGTAGGGTGCGAGCGTTAATCGGAATTACTGGGCGTAAAGCGTGCGCAGGCGGTGATGTAAGACAGATGTGAAATCCCCGGGCTCAACCTGGGAACTGCGTTTGTGACTGCATCACTCGAGTACGGCAGAGGGAGGTGGAATTCCGCGTGTAGCAGTGAAATGCGTAGAGATGCGGAGGAACACCGATGGCGAAGGCAGCCTCCTGGGCCAGTACTGACGCTCATGCACGAAAGCGTGGGGAGCAAACAGG",0.00104773252908183,6,NA,0.0759493670886077,0.0759493670886077,TRUE,"Bacteria","Proteobacteria","Gammaproteobacteria","Burkholderiales","Rhodocyclaceae","Zoogloea"
"11","TACGTAGGGTGCGAGCGTTGTCCGGAATTATTGGGCGTAAAGAGCTTGTAGGCGGTTTGTCGCGTCTGCTGTGAAAATCCGGGGCTCAACCCCGGACTTGCAGTGGGTACGGGCAGACTAGAGTGTGGTAGGGGAGACTGGAATTCCTGGTGTAGCGGTGAAATGCGCAGATATCAGGAGGAACACCGATGGCGAAGGCAGGTCTCTGGGCCACTACTGACGCTGAGAAGCGAAAGCATGGGGAGCGAACAGG",0.000760024827444893,3,NA,0.0379746835443039,0.0379746835443039,TRUE,"Bacteria","Actinobacteriota","Actinobacteria","Micrococcales","Intrasporangiaceae","Knoellia"
"12","TACGTAGGTGGCAAGCGTTGTCCGGATTTACTGGGCGTAAAGGGTGTCTAGGCGGAAAGATAAGTCAGATGTGAAATCTCGGGGCTCAACCCCGAAACTGCATTTGAAACTGTCTATCTAGAGTGCAGGAGAGGAGAGTGGAATTCCTAGTGTAACGGTGAAATGTGTAGATATTAGGAAGAACACCAGTGGCGAAGGCGACTCTCTGGACTGTTACTGACGCTGAAGCACGAAAGCATGGGGAGCAAACAGG",0.000779525448225911,19,NA,0.240506329113924,0.240506329113924,TRUE,"Bacteria","Firmicutes","Clostridia","Clostridiales","Clostridiaceae","Clostridiaceae"
